file_name,algo1_wqfm_tree,algo2_qubo_tree
"1000gene-1000bp_R10_weighted_quartets","((G,(F,(E,(D,(C,(A,B)))))),(H,(I,(J,(K,(L,(M,(N,O))))))));","((H,(I,(J,(K,(L,(M,(N,O))))))),(G,(F,(E,(D,(C,(A,B)))))));"
"1000gene-1000bp_R1_weighted_quartets","((H,(G,(F,(E,(D,(C,(A,B))))))),(I,(J,(K,(L,(M,(N,O)))))));","((H,(G,(F,(E,(D,(C,(A,B))))))),(I,(J,(K,(L,(M,(N,O)))))));"
"1000gene-1000bp_R2_weighted_quartets","((G,(F,(E,(D,(C,(A,B)))))),(H,(I,(J,(K,(L,(M,(N,O))))))));","((H,(I,(J,(K,(L,(M,(N,O))))))),(G,(F,(E,(D,(C,(A,B)))))));"
"1000gene-1000bp_R3_weighted_quartets","((H,(G,(F,(E,(D,(C,(A,B))))))),(I,(J,(K,(L,(M,(N,O)))))));","((H,(G,(F,(E,(D,(C,(A,B))))))),(I,(J,(K,(L,(M,(N,O)))))));"
"1000gene-1000bp_R4_weighted_quartets","((G,(F,(E,(D,(C,(A,B)))))),(H,(I,(J,(K,(L,(O,(M,N))))))));","((H,(I,(J,(K,(L,(O,(M,N))))))),(G,(F,(E,(D,(C,(A,B)))))));"
"1000gene-1000bp_R5_weighted_quartets","((G,(F,(E,(D,(C,(A,B)))))),(H,(I,(J,(K,(L,(M,(N,O))))))));","((G,(F,(E,(D,(C,(A,B)))))),(H,(I,(J,(K,(L,(M,(N,O))))))));"
"1000gene-1000bp_R6_weighted_quartets","((G,(F,(E,(D,(C,(A,B)))))),(H,(I,(J,(K,(L,(M,(N,O))))))));","((G,(F,(E,(D,(C,(A,B)))))),(H,(I,(J,(K,(L,(M,(N,O))))))));"
"1000gene-1000bp_R7_weighted_quartets","((G,(F,(E,(D,(C,(A,B)))))),(H,(I,(J,(K,(L,(O,(M,N))))))));","((G,(F,(E,(D,(C,(A,B)))))),(H,(I,(J,(K,(L,(O,(M,N))))))));"
"1000gene-1000bp_R8_weighted_quartets","((G,(F,(E,(D,(C,(A,B)))))),(H,(I,(J,(K,(L,(M,(N,O))))))));","((H,(I,(J,(K,(L,(M,(N,O))))))),(G,(F,(E,(D,(C,(A,B)))))));"
"1000gene-1000bp_R9_weighted_quartets","((G,(F,(E,(D,(C,(A,B)))))),(H,(I,(J,(K,(L,(M,(N,O))))))));","((H,(I,(J,(K,(L,(M,(N,O))))))),(G,(F,(E,(D,(C,(A,B)))))));"
"1000gene-100bp_R10_weighted_quartets","((F,(E,(D,(C,(A,B))))),(G,(H,(I,(J,(K,(L,(O,(M,N)))))))));","((H,(I,(J,(K,(L,(O,(M,N))))))),(G,(F,(E,(D,(C,(A,B)))))));"
"1000gene-100bp_R1_weighted_quartets","((G,(F,(E,(D,(C,(A,B)))))),(H,(I,(J,(O,(K,(L,(M,N))))))));","((H,(I,(J,(O,(K,(L,(M,N))))))),(G,(F,(E,(D,(C,(A,B)))))));"
"1000gene-100bp_R2_weighted_quartets","((F,(E,(D,(C,(A,B))))),(G,(H,(I,(J,(O,(K,(L,(M,N)))))))));","((G,(F,(E,(D,(C,(A,B)))))),(H,(I,(J,(K,(O,(L,(M,N))))))));"
"1000gene-100bp_R3_weighted_quartets","((F,(E,(D,(C,(A,B))))),(G,(H,(I,(J,(O,(K,(L,(M,N)))))))));","((G,(F,(E,(D,(C,(A,B)))))),(H,(I,(J,(O,(K,(L,(M,N))))))));"
"1000gene-100bp_R4_weighted_quartets","((F,(E,(D,(C,(A,B))))),(G,(H,(I,(J,(K,(O,(L,(M,N)))))))));","((G,(H,(I,(J,(K,(O,(L,(M,N)))))))),(F,(E,(D,(C,(A,B))))));"
"1000gene-100bp_R5_weighted_quartets","((G,(F,(E,(D,(C,(A,B)))))),(H,(I,(J,(O,(K,(L,(M,N))))))));","((H,(I,(J,(O,(K,(L,(M,N))))))),(G,(F,(E,(D,(C,(A,B)))))));"
"1000gene-100bp_R6_weighted_quartets","((F,(E,(D,(C,(A,B))))),(G,(H,(I,(J,(K,(L,(O,(M,N)))))))));","((H,(I,(J,(K,(L,(O,(M,N))))))),(G,(F,(E,(D,(C,(A,B)))))));"
"1000gene-100bp_R7_weighted_quartets","((F,(E,(D,(C,(A,B))))),(G,(H,(I,(J,(K,(O,(L,(M,N)))))))));","((H,(I,(J,(K,(O,(L,(M,N))))))),(G,(F,(E,(D,(C,(A,B)))))));"
"1000gene-100bp_R8_weighted_quartets","((F,(E,(D,(C,(A,B))))),(G,(H,(I,(J,(K,(L,(M,(N,O)))))))));","((G,(F,(E,(D,(C,(A,B)))))),(H,(I,(J,(K,(O,(N,(L,M))))))));"
"1000gene-100bp_R9_weighted_quartets","((F,(E,(D,(C,(A,B))))),(G,(H,(I,(J,(K,(L,(O,(M,N)))))))));","((G,(F,(E,(D,(C,(A,B)))))),(H,(I,(J,(K,(O,(L,(M,N))))))));"
"1000gene-true_R10_weighted_quartets","((G,(F,(E,(D,(C,(A,B)))))),(H,(I,(J,(K,(L,(M,(N,O))))))));","((G,(F,(E,(D,(C,(A,B)))))),(H,(I,(J,(K,(L,(M,(N,O))))))));"
"1000gene-true_R1_weighted_quartets","((H,(G,(F,(E,(D,(C,(A,B))))))),(I,(J,(K,(L,(M,(N,O)))))));","((H,(G,(F,(E,(D,(C,(A,B))))))),(I,(J,(K,(L,(M,(N,O)))))));"
"1000gene-true_R2_weighted_quartets","((H,(G,(F,(E,(D,(C,(A,B))))))),(I,(J,(K,(L,(M,(N,O)))))));","((I,(J,(K,(L,(M,(N,O)))))),(H,(G,(F,(E,(D,(C,(A,B))))))));"
"1000gene-true_R3_weighted_quartets","((H,(G,(F,(E,(D,(C,(A,B))))))),(I,(J,(K,(L,(M,(N,O)))))));","((H,(G,(F,(E,(D,(C,(A,B))))))),(I,(J,(K,(L,(M,(N,O)))))));"
"1000gene-true_R4_weighted_quartets","((G,(F,(E,(D,(C,(A,B)))))),(H,(I,(J,(K,(L,(M,(N,O))))))));","((G,(F,(E,(D,(C,(A,B)))))),(H,(I,(J,(K,(L,(M,(N,O))))))));"
"1000gene-true_R5_weighted_quartets","((H,(G,(F,(E,(D,(C,(A,B))))))),(I,(J,(K,(L,(M,(N,O)))))));","((H,(G,(F,(E,(D,(C,(A,B))))))),(I,(J,(K,(L,(M,(N,O)))))));"
"1000gene-true_R6_weighted_quartets","((H,(G,(F,(E,(D,(C,(A,B))))))),(I,(J,(K,(L,(M,(N,O)))))));","((H,(G,(F,(E,(D,(C,(A,B))))))),(I,(J,(K,(L,(M,(N,O)))))));"
"1000gene-true_R7_weighted_quartets","((G,(F,(E,(D,(C,(A,B)))))),(H,(I,(J,(K,(L,(M,(N,O))))))));","((H,(I,(J,(K,(L,(M,(N,O))))))),(G,(F,(E,(D,(C,(A,B)))))));"
"1000gene-true_R8_weighted_quartets","((H,(G,(F,(E,(D,(C,(A,B))))))),(I,(J,(K,(L,(M,(N,O)))))));","((I,(J,(K,(L,(M,(N,O)))))),(H,(G,(F,(E,(D,(C,(A,B))))))));"
"1000gene-true_R9_weighted_quartets","((G,(F,(E,(D,(C,(A,B)))))),(H,(I,(J,(K,(L,(M,(N,O))))))));","((G,(F,(E,(D,(C,(A,B)))))),(H,(I,(J,(K,(L,(M,(N,O))))))));"
"100gene-1000bp_R10_weighted_quartets","((G,(F,(E,(D,(C,(A,B)))))),(H,(I,(J,(K,(L,(O,(M,N))))))));","((H,(I,(J,(K,(L,(O,(M,N))))))),(G,(F,(E,(D,(C,(A,B)))))));"
"100gene-1000bp_R1_weighted_quartets","((H,(G,(F,(E,(D,(C,(A,B))))))),(I,(J,(K,(L,(O,(M,N)))))));","((I,(J,(K,(L,(M,(N,O)))))),(H,(G,(F,(E,(D,(C,(A,B))))))));"
"100gene-1000bp_R2_weighted_quartets","((H,(G,(F,(E,(D,(C,(A,B))))))),(I,(J,(K,(L,(O,(M,N)))))));","((H,(G,(F,(E,(D,(C,(A,B))))))),(I,(J,(K,(L,(O,(M,N)))))));"
"100gene-1000bp_R3_weighted_quartets","((G,(F,(E,(D,(C,(A,B)))))),(H,(I,(J,(K,(L,(O,(M,N))))))));","((H,(I,(J,(K,(L,(M,(N,O))))))),(G,(F,(E,(D,(C,(A,B)))))));"
"100gene-1000bp_R4_weighted_quartets","((H,(G,(F,(E,(D,(C,(A,B))))))),(I,(J,(K,(L,(O,(M,N)))))));","((I,(J,(K,(L,(O,(M,N)))))),(H,(G,(F,(E,(D,(C,(A,B))))))));"
"100gene-1000bp_R5_weighted_quartets","((G,(F,(E,(D,(C,(A,B)))))),(H,(I,(J,(K,(L,(M,(N,O))))))));","((H,(I,(J,(K,(L,(M,(N,O))))))),(G,(F,(E,(D,(C,(A,B)))))));"
"100gene-1000bp_R6_weighted_quartets","((G,(F,(E,(D,(C,(A,B)))))),(H,(I,(J,(K,(L,(O,(M,N))))))));","((H,(I,(J,(K,(L,(O,(M,N))))))),(G,(F,(E,(D,(C,(A,B)))))));"
"100gene-1000bp_R7_weighted_quartets","((G,(F,(E,(D,(C,(A,B)))))),(H,(I,(J,(K,(O,(L,(M,N))))))));","((H,(I,(J,(K,(O,(L,(M,N))))))),(G,(F,(E,(D,(C,(A,B)))))));"
"100gene-1000bp_R8_weighted_quartets","((G,(F,(E,(D,(C,(A,B)))))),(H,(I,(J,(K,(L,(M,(N,O))))))));","((G,(F,(E,(D,(C,(A,B)))))),(H,(I,(J,(K,(L,(M,(N,O))))))));"
"100gene-1000bp_R9_weighted_quartets","((H,(G,(F,(E,(D,(C,(A,B))))))),(I,(J,(K,(L,(M,(N,O)))))));","((I,(J,(K,(L,(M,(N,O)))))),(H,(G,(F,(E,(D,(C,(A,B))))))));"
"100gene-100bp_R10_weighted_quartets","((F,(E,(D,(C,(A,B))))),(G,(H,(I,(J,(O,(K,(L,(M,N)))))))));","((H,(I,(J,(O,(K,(L,(M,N))))))),(G,(F,(E,(D,(C,(A,B)))))));"
"100gene-100bp_R1_weighted_quartets","((F,(E,(D,(C,(A,B))))),(G,(H,(I,(J,((K,L),(N,(M,O))))))));","((G,(H,(I,(J,(K,(L,(O,(M,N)))))))),(F,(E,(D,(C,(A,B))))));"
"100gene-100bp_R2_weighted_quartets","((D,(E,(C,(A,B)))),((F,G),(H,((K,((M,O),(L,N))),(I,J)))));","(((F,G),(D,(E,(C,(A,B))))),(H,(I,(J,(K,((L,N),(M,O)))))));"
"100gene-100bp_R3_weighted_quartets","((F,(E,(D,(C,(A,B))))),(G,(H,(I,(O,((J,K),(L,(M,N))))))));","((H,(I,(O,((J,K),(L,(M,N)))))),(G,(F,(E,(D,(C,(A,B)))))));"
"100gene-100bp_R4_weighted_quartets","((F,(E,(D,(C,(A,B))))),(G,(H,(J,(K,(I,(L,(M,(N,O)))))))));","(((J,K),(I,(L,(M,(N,O))))),(H,(G,(F,(E,(D,(C,(A,B))))))));"
"100gene-100bp_R5_weighted_quartets","((F,(E,(D,(C,(A,B))))),(G,(H,(I,(J,(K,(O,(L,(M,N)))))))));","((G,(H,(I,(J,(O,(K,(L,(M,N)))))))),(F,(E,(D,(C,(A,B))))));"
"100gene-100bp_R6_weighted_quartets","((F,(E,(D,(C,(A,B))))),(G,(H,(I,(J,(K,(L,(O,(M,N)))))))));","((H,(I,(J,(K,(L,(O,(M,N))))))),(G,(F,(E,(D,(C,(A,B)))))));"
"100gene-100bp_R7_weighted_quartets","((G,(F,(E,(D,(C,(A,B)))))),((J,((L,(M,N)),(K,O))),(H,I)));","(((H,I),(J,((K,O),(L,(M,N))))),(G,(F,(E,(D,(C,(A,B)))))));"
"100gene-100bp_R8_weighted_quartets","((G,(F,(E,(D,(C,(A,B)))))),(O,(H,((I,J),(K,(N,(L,M)))))));","((G,(F,(E,(D,(C,(A,B)))))),(O,(H,((I,J),(K,(N,(L,M)))))));"
"100gene-100bp_R9_weighted_quartets","((F,(E,(D,(C,(A,B))))),(G,(H,(I,(J,(K,(L,(M,(N,O)))))))));","((G,(H,(I,(J,(K,(L,(M,(N,O)))))))),(F,(E,(D,(C,(A,B))))));"
"100gene-true_R10_weighted_quartets","((G,(F,(E,(D,(C,(A,B)))))),(H,(I,(J,(K,(L,(M,(N,O))))))));","((H,(I,(J,(K,(L,(M,(N,O))))))),(G,(F,(E,(D,(C,(A,B)))))));"
"100gene-true_R1_weighted_quartets","((H,(G,(F,(E,(D,(C,(A,B))))))),(I,(J,(K,(L,(M,(N,O)))))));","((I,(J,(K,(L,(M,(N,O)))))),(H,(G,(F,(E,(D,(C,(A,B))))))));"
"100gene-true_R2_weighted_quartets","((H,(G,(F,(E,(D,(C,(A,B))))))),(I,(J,(K,(L,(M,(N,O)))))));","((H,(G,(F,(E,(D,(C,(A,B))))))),(I,(J,(K,(L,(M,(N,O)))))));"
"100gene-true_R3_weighted_quartets","((H,(G,(F,(E,(D,(C,(A,B))))))),(I,(J,(K,(L,(M,(N,O)))))));","((H,(G,(F,(E,(D,(C,(A,B))))))),(I,(J,(K,(L,(M,(N,O)))))));"
"100gene-true_R4_weighted_quartets","((H,(G,(F,(E,(D,(C,(A,B))))))),(I,(J,(K,(L,(M,(N,O)))))));","((I,(J,(K,(L,(M,(N,O)))))),(H,(G,(F,(E,(D,(C,(A,B))))))));"
"100gene-true_R5_weighted_quartets","((G,(F,(E,(D,(C,(A,B)))))),(H,(I,(J,(K,(L,(M,(N,O))))))));","((H,(I,(J,(K,(L,(M,(N,O))))))),(G,(F,(E,(D,(C,(A,B)))))));"
"100gene-true_R6_weighted_quartets","((G,(F,(E,(D,(C,(A,B)))))),(H,(I,(J,(K,(L,(M,(N,O))))))));","((H,(I,(J,(K,(L,(M,(N,O))))))),(G,(F,(E,(D,(C,(A,B)))))));"
"100gene-true_R7_weighted_quartets","((G,(F,(E,(D,(C,(A,B)))))),(H,(I,(J,(K,(L,(M,(N,O))))))));","((H,(I,(J,(K,(L,(M,(N,O))))))),(G,(F,(E,(D,(C,(A,B)))))));"
"100gene-true_R8_weighted_quartets","((G,(F,(E,(D,(C,(A,B)))))),(H,(I,(J,(K,(L,(M,(N,O))))))));","((H,(I,(J,(K,(L,(M,(N,O))))))),(G,(F,(E,(D,(C,(A,B)))))));"
"100gene-true_R9_weighted_quartets","((H,(G,(F,(E,(D,(C,(A,B))))))),(I,(J,(K,(L,(M,(N,O)))))));","((I,(J,(K,(L,(M,(N,O)))))),(H,(G,(F,(E,(D,(C,(A,B))))))));"
